tema,indicador_id,indicador,ano,cenario_id,cenario,arquivo,linhas,status,erro
Desastres geo-hidrológicos,60001,Deslizamento de terra,2015,,Presente,/home/alankubrick/Documentos/adaptabrasil_csv/desastres-geo-hidrologicos/60001_deslizamento-de-terra_2015_presente.csv,5570,ok,
Desastres geo-hidrológicos,60002,Vulnerabilidade,2015,,Presente,/home/alankubrick/Documentos/adaptabrasil_csv/desastres-geo-hidrologicos/60002_vulnerabilidade_2015_presente.csv,5570,ok,
Desastres geo-hidrológicos,60003,Exposição,2015,,Presente,/home/alankubrick/Documentos/adaptabrasil_csv/desastres-geo-hidrologicos/60003_exposicao_2015_presente.csv,5570,ok,
Desastres geo-hidrológicos,60004,Ameaça,2015,,Presente,/home/alankubrick/Documentos/adaptabrasil_csv/desastres-geo-hidrologicos/60004_ameaca_2015_presente.csv,5570,ok,
Desastres geo-hidrológicos,60005,Capacidade adaptativa,2015,,Presente,/home/alankubrick/Documentos/adaptabrasil_csv/desastres-geo-hidrologicos/60005_capacidade-adaptativa_2015_presente.csv,5570,ok,
Desastres geo-hidrológicos,60006,Sensibilidade,2015,,Presente,/home/alankubrick/Documentos/adaptabrasil_csv/desastres-geo-hidrologicos/60006_sensibilidade_2015_presente.csv,5570,ok,
Desastres geo-hidrológicos,60007,Capacidade econômica municipal,2015,,Presente,/home/alankubrick/Documentos/adaptabrasil_csv/desastres-geo-hidrologicos/60007_capacidade-economica-municipal_2015_presente.csv,5570,ok,
Desastres geo-hidrológicos,60008,Gestão de risco de desastre,2015,,Presente,/home/alankubrick/Documentos/adaptabrasil_csv/desastres-geo-hidrologicos/60008_gestao-de-risco-de-desastre_2015_presente.csv,5570,ok,
Desastres geo-hidrológicos,60009,Política urbana,2015,,Presente,/home/alankubrick/Documentos/adaptabrasil_csv/desastres-geo-hidrologicos/60009_politica-urbana_2015_presente.csv,5570,ok,
Desastres geo-hidrológicos,60010,População,2015,,Presente,/home/alankubrick/Documentos/adaptabrasil_csv/desastres-geo-hidrologicos/60010_populacao_2015_presente.csv,5570,ok,
Desastres geo-hidrológicos,60011,Infraestrutura,2015,,Presente,/home/alankubrick/Documentos/adaptabrasil_csv/desastres-geo-hidrologicos/60011_infraestrutura_2015_presente.csv,5570,ok,
Desastres geo-hidrológicos,60012,Moradias em ambiente de risco,2015,,Presente,/home/alankubrick/Documentos/adaptabrasil_csv/desastres-geo-hidrologicos/60012_moradias-em-ambiente-de-risco_2015_presente.csv,5570,ok,
Desastres geo-hidrológicos,60013,Densidade demográfica,2015,,Presente,/home/alankubrick/Documentos/adaptabrasil_csv/desastres-geo-hidrologicos/60013_densidade-demografica_2015_presente.csv,5570,ok,
Desastres geo-hidrológicos,60014,Investimento em políticas de adaptação,2015,,Presente,/home/alankubrick/Documentos/adaptabrasil_csv/desastres-geo-hidrologicos/60014_investimento-em-politicas-de-adaptacao_2015_presente.csv,5570,ok,
Desastres geo-hidrológicos,60015,Gestão fiscal,2015,,Presente,/home/alankubrick/Documentos/adaptabrasil_csv/desastres-geo-hidrologicos/60015_gestao-fiscal_2015_presente.csv,5570,ok,
Desastres geo-hidrológicos,60016,Emprego e renda,2015,,Presente,/home/alankubrick/Documentos/adaptabrasil_csv/desastres-geo-hidrologicos/60016_emprego-e-renda_2015_presente.csv,5570,ok,
Desastres geo-hidrológicos,60017,Produto interno bruto por área urbana,2015,,Presente,/home/alankubrick/Documentos/adaptabrasil_csv/desastres-geo-hidrologicos/60017_produto-interno-bruto-por-area-urbana_2015_presente.csv,5570,ok,
Desastres geo-hidrológicos,60018,Programa cidades resilientes,2015,,Presente,/home/alankubrick/Documentos/adaptabrasil_csv/desastres-geo-hidrologicos/60018_programa-cidades-resilientes_2015_presente.csv,5570,ok,
Desastres geo-hidrológicos,60019,Instituições para gestão de risco,2015,,Presente,/home/alankubrick/Documentos/adaptabrasil_csv/desastres-geo-hidrologicos/60019_instituicoes-para-gestao-de-risco_2015_presente.csv,5570,ok,
Desastres geo-hidrológicos,60020,Gestão de resíduos e limpeza pública,2015,,Presente,/home/alankubrick/Documentos/adaptabrasil_csv/desastres-geo-hidrologicos/60020_gestao-de-residuos-e-limpeza-publica_2015_presente.csv,5570,ok,
Desastres geo-hidrológicos,60021,Gestão de ocupação urbana em áreas de risco,2015,,Presente,/home/alankubrick/Documentos/adaptabrasil_csv/desastres-geo-hidrologicos/60021_gestao-de-ocupacao-urbana-em-areas-de-risco_2015_presente.csv,5570,ok,
Desastres geo-hidrológicos,60022,Ações para redução de risco,2015,,Presente,/home/alankubrick/Documentos/adaptabrasil_csv/desastres-geo-hidrologicos/60022_acoes-para-reducao-de-risco_2015_presente.csv,5570,ok,
Desastres geo-hidrológicos,60023,Sistemas de alerta antecipado,2015,,Presente,/home/alankubrick/Documentos/adaptabrasil_csv/desastres-geo-hidrologicos/60023_sistemas-de-alerta-antecipado_2015_presente.csv,5570,ok,
Desastres geo-hidrológicos,60024,Plano de contingência,2015,,Presente,/home/alankubrick/Documentos/adaptabrasil_csv/desastres-geo-hidrologicos/60024_plano-de-contingencia_2015_presente.csv,5570,ok,
Desastres geo-hidrológicos,60025,Uso e ocupação do solo,2015,,Presente,/home/alankubrick/Documentos/adaptabrasil_csv/desastres-geo-hidrologicos/60025_uso-e-ocupacao-do-solo_2015_presente.csv,5570,ok,
Desastres geo-hidrológicos,60026,Governança em meio ambiente,2015,,Presente,/home/alankubrick/Documentos/adaptabrasil_csv/desastres-geo-hidrologicos/60026_governanca-em-meio-ambiente_2015_presente.csv,5570,ok,
Desastres geo-hidrológicos,60027,Governança em habitação,2015,,Presente,/home/alankubrick/Documentos/adaptabrasil_csv/desastres-geo-hidrologicos/60027_governanca-em-habitacao_2015_presente.csv,5570,ok,
Desastres geo-hidrológicos,60028,Governança em transporte,2015,,Presente,/home/alankubrick/Documentos/adaptabrasil_csv/desastres-geo-hidrologicos/60028_governanca-em-transporte_2015_presente.csv,5570,ok,
Desastres geo-hidrológicos,60029,Estabelecimentos de saúde,2015,,Presente,/home/alankubrick/Documentos/adaptabrasil_csv/desastres-geo-hidrologicos/60029_estabelecimentos-de-saude_2015_presente.csv,5570,ok,
Desastres geo-hidrológicos,60030,Plano municipal de saneamento básico,2015,,Presente,/home/alankubrick/Documentos/adaptabrasil_csv/desastres-geo-hidrologicos/60030_plano-municipal-de-saneamento-basico_2015_presente.csv,5570,ok,
Desastres geo-hidrológicos,60031,População com demandas especiais,2015,,Presente,/home/alankubrick/Documentos/adaptabrasil_csv/desastres-geo-hidrologicos/60031_populacao-com-demandas-especiais_2015_presente.csv,5570,ok,
Desastres geo-hidrológicos,60032,Jovens sem ensino médio,2015,,Presente,/home/alankubrick/Documentos/adaptabrasil_csv/desastres-geo-hidrologicos/60032_jovens-sem-ensino-medio_2015_presente.csv,5570,ok,
Desastres geo-hidrológicos,60033,Desigualdade de renda,2015,,Presente,/home/alankubrick/Documentos/adaptabrasil_csv/desastres-geo-hidrologicos/60033_desigualdade-de-renda_2015_presente.csv,5570,ok,
Desastres geo-hidrológicos,60034,Domicílios inadequados,2015,,Presente,/home/alankubrick/Documentos/adaptabrasil_csv/desastres-geo-hidrologicos/60034_domicilios-inadequados_2015_presente.csv,5570,ok,
Desastres geo-hidrológicos,60035,Falta de mobilidade urbana,2015,,Presente,/home/alankubrick/Documentos/adaptabrasil_csv/desastres-geo-hidrologicos/60035_falta-de-mobilidade-urbana_2015_presente.csv,5570,ok,
Desastres geo-hidrológicos,60036,Inacessibilidade às cidades,2015,,Presente,/home/alankubrick/Documentos/adaptabrasil_csv/desastres-geo-hidrologicos/60036_inacessibilidade-as-cidades_2015_presente.csv,5570,ok,
Desastres geo-hidrológicos,60037,Saneamento básico,2015,,Presente,/home/alankubrick/Documentos/adaptabrasil_csv/desastres-geo-hidrologicos/60037_saneamento-basico_2015_presente.csv,5570,ok,
Desastres geo-hidrológicos,60038,Drenagem,2015,,Presente,/home/alankubrick/Documentos/adaptabrasil_csv/desastres-geo-hidrologicos/60038_drenagem_2015_presente.csv,5570,ok,
Desastres geo-hidrológicos,60039,Domicílios em áreas de risco,2015,,Presente,/home/alankubrick/Documentos/adaptabrasil_csv/desastres-geo-hidrologicos/60039_domicilios-em-areas-de-risco_2015_presente.csv,5570,ok,
Desastres geo-hidrológicos,60040,Densidade da população urbana,2015,,Presente,/home/alankubrick/Documentos/adaptabrasil_csv/desastres-geo-hidrologicos/60040_densidade-da-populacao-urbana_2015_presente.csv,5570,ok,
Desastres geo-hidrológicos,60041,"Inundações, enxurradas e alagamentos",2015,,Presente,/home/alankubrick/Documentos/adaptabrasil_csv/desastres-geo-hidrologicos/60041_inundacoes-enxurradas-e-alagamentos_2015_presente.csv,5570,ok,
Desastres geo-hidrológicos,60042,Vulnerabilidade,2015,,Presente,/home/alankubrick/Documentos/adaptabrasil_csv/desastres-geo-hidrologicos/60042_vulnerabilidade_2015_presente.csv,5570,ok,
Desastres geo-hidrológicos,60043,Exposição,2015,,Presente,/home/alankubrick/Documentos/adaptabrasil_csv/desastres-geo-hidrologicos/60043_exposicao_2015_presente.csv,5570,ok,
Desastres geo-hidrológicos,60044,Ameaça,2015,,Presente,/home/alankubrick/Documentos/adaptabrasil_csv/desastres-geo-hidrologicos/60044_ameaca_2015_presente.csv,5570,ok,
Desastres geo-hidrológicos,60045,Capacidade adaptativa,2015,,Presente,/home/alankubrick/Documentos/adaptabrasil_csv/desastres-geo-hidrologicos/60045_capacidade-adaptativa_2015_presente.csv,5570,ok,
Desastres geo-hidrológicos,60046,Sensibilidade,2015,,Presente,/home/alankubrick/Documentos/adaptabrasil_csv/desastres-geo-hidrologicos/60046_sensibilidade_2015_presente.csv,5570,ok,
Desastres geo-hidrológicos,60047,Capacidade econômica municipal,2015,,Presente,/home/alankubrick/Documentos/adaptabrasil_csv/desastres-geo-hidrologicos/60047_capacidade-economica-municipal_2015_presente.csv,5570,ok,
Desastres geo-hidrológicos,60048,Gestão de risco,2015,,Presente,/home/alankubrick/Documentos/adaptabrasil_csv/desastres-geo-hidrologicos/60048_gestao-de-risco_2015_presente.csv,5570,ok,
Desastres geo-hidrológicos,60049,Política urbana,2015,,Presente,/home/alankubrick/Documentos/adaptabrasil_csv/desastres-geo-hidrologicos/60049_politica-urbana_2015_presente.csv,5570,ok,
Desastres geo-hidrológicos,60050,População,2015,,Presente,/home/alankubrick/Documentos/adaptabrasil_csv/desastres-geo-hidrologicos/60050_populacao_2015_presente.csv,5570,ok,
Desastres geo-hidrológicos,60051,Infraestrutura,2015,,Presente,/home/alankubrick/Documentos/adaptabrasil_csv/desastres-geo-hidrologicos/60051_infraestrutura_2015_presente.csv,5570,ok,
Desastres geo-hidrológicos,60052,Moradias em ambiente de risco,2015,,Presente,/home/alankubrick/Documentos/adaptabrasil_csv/desastres-geo-hidrologicos/60052_moradias-em-ambiente-de-risco_2015_presente.csv,5570,ok,
Desastres geo-hidrológicos,60053,Densidade demográfica,2015,,Presente,/home/alankubrick/Documentos/adaptabrasil_csv/desastres-geo-hidrologicos/60053_densidade-demografica_2015_presente.csv,5570,ok,
Desastres geo-hidrológicos,60054,Investimento em políticas de adaptação,2015,,Presente,/home/alankubrick/Documentos/adaptabrasil_csv/desastres-geo-hidrologicos/60054_investimento-em-politicas-de-adaptacao_2015_presente.csv,5570,ok,
Desastres geo-hidrológicos,60055,Gestão fiscal,2015,,Presente,/home/alankubrick/Documentos/adaptabrasil_csv/desastres-geo-hidrologicos/60055_gestao-fiscal_2015_presente.csv,5570,ok,
Desastres geo-hidrológicos,60056,Emprego e renda,2015,,Presente,/home/alankubrick/Documentos/adaptabrasil_csv/desastres-geo-hidrologicos/60056_emprego-e-renda_2015_presente.csv,5570,ok,
Desastres geo-hidrológicos,60057,Produto interno bruto por área urbana,2015,,Presente,/home/alankubrick/Documentos/adaptabrasil_csv/desastres-geo-hidrologicos/60057_produto-interno-bruto-por-area-urbana_2015_presente.csv,5570,ok,
Desastres geo-hidrológicos,60058,Programa cidades resilientes,2015,,Presente,/home/alankubrick/Documentos/adaptabrasil_csv/desastres-geo-hidrologicos/60058_programa-cidades-resilientes_2015_presente.csv,5570,ok,
Desastres geo-hidrológicos,60059,Instituições para gestão de risco,2015,,Presente,/home/alankubrick/Documentos/adaptabrasil_csv/desastres-geo-hidrologicos/60059_instituicoes-para-gestao-de-risco_2015_presente.csv,5570,ok,
Desastres geo-hidrológicos,60060,Gestão de resíduos e limpeza pública,2015,,Presente,/home/alankubrick/Documentos/adaptabrasil_csv/desastres-geo-hidrologicos/60060_gestao-de-residuos-e-limpeza-publica_2015_presente.csv,5570,ok,
Desastres geo-hidrológicos,60061,Gestão de ocupação urbana em áreas de risco,2015,,Presente,/home/alankubrick/Documentos/adaptabrasil_csv/desastres-geo-hidrologicos/60061_gestao-de-ocupacao-urbana-em-areas-de-risco_2015_presente.csv,5570,ok,
Desastres geo-hidrológicos,60062,Ações para redução de risco,2015,,Presente,/home/alankubrick/Documentos/adaptabrasil_csv/desastres-geo-hidrologicos/60062_acoes-para-reducao-de-risco_2015_presente.csv,5570,ok,
Desastres geo-hidrológicos,60063,Sistemas de alerta antecipado,2015,,Presente,/home/alankubrick/Documentos/adaptabrasil_csv/desastres-geo-hidrologicos/60063_sistemas-de-alerta-antecipado_2015_presente.csv,5570,ok,
Desastres geo-hidrológicos,60064,Plano de contingência,2015,,Presente,/home/alankubrick/Documentos/adaptabrasil_csv/desastres-geo-hidrologicos/60064_plano-de-contingencia_2015_presente.csv,5570,ok,
Desastres geo-hidrológicos,60065,Uso e ocupação do solo,2015,,Presente,/home/alankubrick/Documentos/adaptabrasil_csv/desastres-geo-hidrologicos/60065_uso-e-ocupacao-do-solo_2015_presente.csv,5570,ok,
Desastres geo-hidrológicos,60066,Governança em meio ambiente,2015,,Presente,/home/alankubrick/Documentos/adaptabrasil_csv/desastres-geo-hidrologicos/60066_governanca-em-meio-ambiente_2015_presente.csv,5570,ok,
Desastres geo-hidrológicos,60067,Governança em habitação,2015,,Presente,/home/alankubrick/Documentos/adaptabrasil_csv/desastres-geo-hidrologicos/60067_governanca-em-habitacao_2015_presente.csv,5570,ok,
Desastres geo-hidrológicos,60068,Governança em transporte,2015,,Presente,/home/alankubrick/Documentos/adaptabrasil_csv/desastres-geo-hidrologicos/60068_governanca-em-transporte_2015_presente.csv,5570,ok,
Desastres geo-hidrológicos,60069,Estabelecimentos de saúde,2015,,Presente,/home/alankubrick/Documentos/adaptabrasil_csv/desastres-geo-hidrologicos/60069_estabelecimentos-de-saude_2015_presente.csv,5570,ok,
Desastres geo-hidrológicos,60070,Plano municipal de saneamento básico,2015,,Presente,/home/alankubrick/Documentos/adaptabrasil_csv/desastres-geo-hidrologicos/60070_plano-municipal-de-saneamento-basico_2015_presente.csv,5570,ok,
Desastres geo-hidrológicos,60071,População com demandas especiais,2015,,Presente,/home/alankubrick/Documentos/adaptabrasil_csv/desastres-geo-hidrologicos/60071_populacao-com-demandas-especiais_2015_presente.csv,5570,ok,
Desastres geo-hidrológicos,60072,Jovens sem ensino médio,2015,,Presente,/home/alankubrick/Documentos/adaptabrasil_csv/desastres-geo-hidrologicos/60072_jovens-sem-ensino-medio_2015_presente.csv,5570,ok,
Desastres geo-hidrológicos,60073,Desigualdade de renda,2015,,Presente,/home/alankubrick/Documentos/adaptabrasil_csv/desastres-geo-hidrologicos/60073_desigualdade-de-renda_2015_presente.csv,5570,ok,
Desastres geo-hidrológicos,60074,Domicílios inadequados,2015,,Presente,/home/alankubrick/Documentos/adaptabrasil_csv/desastres-geo-hidrologicos/60074_domicilios-inadequados_2015_presente.csv,5570,ok,
Desastres geo-hidrológicos,60075,Falta de mobilidade urbana,2015,,Presente,/home/alankubrick/Documentos/adaptabrasil_csv/desastres-geo-hidrologicos/60075_falta-de-mobilidade-urbana_2015_presente.csv,5570,ok,
Desastres geo-hidrológicos,60076,Inacessibilidade às cidades,2015,,Presente,/home/alankubrick/Documentos/adaptabrasil_csv/desastres-geo-hidrologicos/60076_inacessibilidade-as-cidades_2015_presente.csv,5570,ok,
Desastres geo-hidrológicos,60077,Saneamento básico,2015,,Presente,/home/alankubrick/Documentos/adaptabrasil_csv/desastres-geo-hidrologicos/60077_saneamento-basico_2015_presente.csv,5570,ok,
Desastres geo-hidrológicos,60078,Drenagem,2015,,Presente,/home/alankubrick/Documentos/adaptabrasil_csv/desastres-geo-hidrologicos/60078_drenagem_2015_presente.csv,5570,ok,
Desastres geo-hidrológicos,60079,Domicílios em áreas de risco,2015,,Presente,/home/alankubrick/Documentos/adaptabrasil_csv/desastres-geo-hidrologicos/60079_domicilios-em-areas-de-risco_2015_presente.csv,5570,ok,
Desastres geo-hidrológicos,60080,Densidade da população urbana,2015,,Presente,/home/alankubrick/Documentos/adaptabrasil_csv/desastres-geo-hidrologicos/60080_densidade-da-populacao-urbana_2015_presente.csv,5570,ok,
Recursos hídricos,2,Risco de estresse hídrico,2020,,Presente,/home/alankubrick/Documentos/adaptabrasil_csv/recursos-hidricos/00002_risco-de-estresse-hidrico_2020_presente.csv,5570,ok,
Recursos hídricos,3,Vulnerabilidade,2020,,Presente,/home/alankubrick/Documentos/adaptabrasil_csv/recursos-hidricos/00003_vulnerabilidade_2020_presente.csv,5570,ok,
Recursos hídricos,4,Exposição,2020,,Presente,/home/alankubrick/Documentos/adaptabrasil_csv/recursos-hidricos/00004_exposicao_2020_presente.csv,5570,ok,
Recursos hídricos,5,Ameaça de escassez hídrica,2020,,Presente,/home/alankubrick/Documentos/adaptabrasil_csv/recursos-hidricos/00005_ameaca-de-escassez-hidrica_2020_presente.csv,5570,ok,
Recursos hídricos,6,Sensibilidade,2020,,Presente,/home/alankubrick/Documentos/adaptabrasil_csv/recursos-hidricos/00006_sensibilidade_2020_presente.csv,5570,ok,
Recursos hídricos,7,Capacidade adaptativa,2020,,Presente,/home/alankubrick/Documentos/adaptabrasil_csv/recursos-hidricos/00007_capacidade-adaptativa_2020_presente.csv,5570,ok,
Recursos hídricos,8,Insegurança do abastecimento humano,2020,,Presente,/home/alankubrick/Documentos/adaptabrasil_csv/recursos-hidricos/00008_inseguranca-do-abastecimento-humano_2020_presente.csv,5570,ok,
Recursos hídricos,9,Balanço hídrico dos setores produtivos,2020,,Presente,/home/alankubrick/Documentos/adaptabrasil_csv/recursos-hidricos/00009_balanco-hidrico-dos-setores-produtivos_2020_presente.csv,5570,ok,
Recursos hídricos,10,Efeitos sobre a saúde humana,2020,,Presente,/home/alankubrick/Documentos/adaptabrasil_csv/recursos-hidricos/00010_efeitos-sobre-a-saude-humana_2020_presente.csv,5570,ok,
Recursos hídricos,11,Pressão antrópica e qualidade ambiental,2020,,Presente,/home/alankubrick/Documentos/adaptabrasil_csv/recursos-hidricos/00011_pressao-antropica-e-qualidade-ambiental_2020_presente.csv,5570,ok,
Recursos hídricos,12,Gestão dos recursos hídricos,2020,,Presente,/home/alankubrick/Documentos/adaptabrasil_csv/recursos-hidricos/00012_gestao-dos-recursos-hidricos_2020_presente.csv,5570,ok,
Recursos hídricos,13,Planejamento para recursos hídricos,2020,,Presente,/home/alankubrick/Documentos/adaptabrasil_csv/recursos-hidricos/00013_planejamento-para-recursos-hidricos_2020_presente.csv,5570,ok,
Recursos hídricos,14,Resiliência hídrica,2020,,Presente,/home/alankubrick/Documentos/adaptabrasil_csv/recursos-hidricos/00014_resiliencia-hidrica_2020_presente.csv,5570,ok,
Recursos hídricos,15,Capacidade dos setores produtivos,2020,,Presente,/home/alankubrick/Documentos/adaptabrasil_csv/recursos-hidricos/00015_capacidade-dos-setores-produtivos_2020_presente.csv,5570,ok,
Recursos hídricos,16,Capacidade socioeconômica familiar,2020,,Presente,/home/alankubrick/Documentos/adaptabrasil_csv/recursos-hidricos/00016_capacidade-socioeconomica-familiar_2020_presente.csv,5570,ok,
Recursos hídricos,17,População exposta,2020,,Presente,/home/alankubrick/Documentos/adaptabrasil_csv/recursos-hidricos/00017_populacao-exposta_2020_presente.csv,5570,ok,
Recursos hídricos,18,Usuários dos recursos hídricos expostos,2020,,Presente,/home/alankubrick/Documentos/adaptabrasil_csv/recursos-hidricos/00018_usuarios-dos-recursos-hidricos-expostos_2020_presente.csv,5570,ok,
Recursos hídricos,19,Ineficiência na produção da água,2020,,Presente,/home/alankubrick/Documentos/adaptabrasil_csv/recursos-hidricos/00019_ineficiencia-na-producao-da-agua_2020_presente.csv,5570,ok,
Recursos hídricos,20,Ineficiência na distribuição da água,2020,,Presente,/home/alankubrick/Documentos/adaptabrasil_csv/recursos-hidricos/00020_ineficiencia-na-distribuicao-da-agua_2020_presente.csv,5570,ok,
Recursos hídricos,21,Consumo médio per capita de água,2020,,Presente,/home/alankubrick/Documentos/adaptabrasil_csv/recursos-hidricos/00021_consumo-medio-per-capita-de-agua_2020_presente.csv,5570,ok,
Recursos hídricos,22,Balanço hídrico para agropecuária,2020,,Presente,/home/alankubrick/Documentos/adaptabrasil_csv/recursos-hidricos/00022_balanco-hidrico-para-agropecuaria_2020_presente.csv,5570,ok,
Recursos hídricos,23,Balanço hídrico para indústria,2020,,Presente,/home/alankubrick/Documentos/adaptabrasil_csv/recursos-hidricos/00023_balanco-hidrico-para-industria_2020_presente.csv,5570,ok,
Recursos hídricos,24,Doenças devido ao saneamento inadequado,2020,,Presente,/home/alankubrick/Documentos/adaptabrasil_csv/recursos-hidricos/00024_doencas-devido-ao-saneamento-inadequado_2020_presente.csv,5570,ok,
Recursos hídricos,25,Qualidade da água,2020,,Presente,/home/alankubrick/Documentos/adaptabrasil_csv/recursos-hidricos/00025_qualidade-da-agua_2020_presente.csv,5570,ok,
Recursos hídricos,26,Áreas degradadas e/ou desmatadas,2020,,Presente,/home/alankubrick/Documentos/adaptabrasil_csv/recursos-hidricos/00026_areas-degradadas-e-ou-desmatadas_2020_presente.csv,5570,ok,
Recursos hídricos,27,Áreas com solos susceptíveis à erosão,2020,,Presente,/home/alankubrick/Documentos/adaptabrasil_csv/recursos-hidricos/00027_areas-com-solos-susceptiveis-a-erosao_2020_presente.csv,5570,ok,
Recursos hídricos,28,Vazão ecológica para usos ecossistêmicos,2020,,Presente,/home/alankubrick/Documentos/adaptabrasil_csv/recursos-hidricos/00028_vazao-ecologica-para-usos-ecossistemicos_2020_presente.csv,5570,ok,
Recursos hídricos,29,Segurança das barragens e da mineração,2020,,Presente,/home/alankubrick/Documentos/adaptabrasil_csv/recursos-hidricos/00029_seguranca-das-barragens-e-da-mineracao_2020_presente.csv,5570,ok,
Recursos hídricos,30,Plano municipal de saneamento básico,2020,,Presente,/home/alankubrick/Documentos/adaptabrasil_csv/recursos-hidricos/00030_plano-municipal-de-saneamento-basico_2020_presente.csv,5570,ok,
Recursos hídricos,31,Nível de atuação em comitês de bacia,2020,,Presente,/home/alankubrick/Documentos/adaptabrasil_csv/recursos-hidricos/00031_nivel-de-atuacao-em-comites-de-bacia_2020_presente.csv,5570,ok,
Recursos hídricos,32,Ações de prevenção relacionadas à seca,2020,,Presente,/home/alankubrick/Documentos/adaptabrasil_csv/recursos-hidricos/00032_acoes-de-prevencao-relacionadas-a-seca_2020_presente.csv,5570,ok,
Recursos hídricos,33,Alternativas ao abastecimento de água,2020,,Presente,/home/alankubrick/Documentos/adaptabrasil_csv/recursos-hidricos/00033_alternativas-ao-abastecimento-de-agua_2020_presente.csv,5570,ok,
Recursos hídricos,34,Investimentos em recursos hídricos,2020,,Presente,/home/alankubrick/Documentos/adaptabrasil_csv/recursos-hidricos/00034_investimentos-em-recursos-hidricos_2020_presente.csv,5570,ok,
Recursos hídricos,35,Investimentos em políticas de adaptação,2020,,Presente,/home/alankubrick/Documentos/adaptabrasil_csv/recursos-hidricos/00035_investimentos-em-politicas-de-adaptacao_2020_presente.csv,5570,ok,
Recursos hídricos,36,Programa cidades resilientes,2020,,Presente,/home/alankubrick/Documentos/adaptabrasil_csv/recursos-hidricos/00036_programa-cidades-resilientes_2020_presente.csv,5570,ok,
Recursos hídricos,37,Programa cisternas: água para consumo,2020,,Presente,/home/alankubrick/Documentos/adaptabrasil_csv/recursos-hidricos/00037_programa-cisternas-agua-para-consumo_2020_presente.csv,5570,ok,
Recursos hídricos,38,Reservação natural,2020,,Presente,/home/alankubrick/Documentos/adaptabrasil_csv/recursos-hidricos/00038_reservacao-natural_2020_presente.csv,5570,ok,
Recursos hídricos,39,Reservação artificial,2020,,Presente,/home/alankubrick/Documentos/adaptabrasil_csv/recursos-hidricos/00039_reservacao-artificial_2020_presente.csv,5570,ok,
Recursos hídricos,40,Potencial de armazenamento subterrâneo,2020,,Presente,/home/alankubrick/Documentos/adaptabrasil_csv/recursos-hidricos/00040_potencial-de-armazenamento-subterraneo_2020_presente.csv,5570,ok,
Recursos hídricos,41,Participação agropecuária no PIB,2020,,Presente,/home/alankubrick/Documentos/adaptabrasil_csv/recursos-hidricos/00041_participacao-agropecuaria-no-pib_2020_presente.csv,5570,ok,
Recursos hídricos,42,Participação industrial no PIB,2020,,Presente,/home/alankubrick/Documentos/adaptabrasil_csv/recursos-hidricos/00042_participacao-industrial-no-pib_2020_presente.csv,5570,ok,
Recursos hídricos,43,Renda não afetada pelo preço da água,2020,,Presente,/home/alankubrick/Documentos/adaptabrasil_csv/recursos-hidricos/00043_renda-nao-afetada-pelo-preco-da-agua_2020_presente.csv,5570,ok,
Recursos hídricos,44,Renda superior a dois salários mínimos,2020,,Presente,/home/alankubrick/Documentos/adaptabrasil_csv/recursos-hidricos/00044_renda-superior-a-dois-salarios-minimos_2020_presente.csv,5570,ok,
Recursos hídricos,45,Densidade populacional,2020,,Presente,/home/alankubrick/Documentos/adaptabrasil_csv/recursos-hidricos/00045_densidade-populacional_2020_presente.csv,5570,ok,
Recursos hídricos,46,Usuários urbanos expostos,2020,,Presente,/home/alankubrick/Documentos/adaptabrasil_csv/recursos-hidricos/00046_usuarios-urbanos-expostos_2020_presente.csv,5570,ok,
Recursos hídricos,47,Usuários rurais expostos,2020,,Presente,/home/alankubrick/Documentos/adaptabrasil_csv/recursos-hidricos/00047_usuarios-rurais-expostos_2020_presente.csv,5570,ok,
Recursos hídricos,48,Usuários industriais expostos,2020,,Presente,/home/alankubrick/Documentos/adaptabrasil_csv/recursos-hidricos/00048_usuarios-industriais-expostos_2020_presente.csv,5570,ok,
Recursos hídricos,49,Usuários da mineração expostos,2020,,Presente,/home/alankubrick/Documentos/adaptabrasil_csv/recursos-hidricos/00049_usuarios-da-mineracao-expostos_2020_presente.csv,5570,ok,
Recursos hídricos,50,Usuários da termoeletricidade expostos,2020,,Presente,/home/alankubrick/Documentos/adaptabrasil_csv/recursos-hidricos/00050_usuarios-da-termoeletricidade-expostos_2020_presente.csv,5570,ok,
Recursos hídricos,51,Usuários da criação animal expostos,2020,,Presente,/home/alankubrick/Documentos/adaptabrasil_csv/recursos-hidricos/00051_usuarios-da-criacao-animal-expostos_2020_presente.csv,5570,ok,
Recursos hídricos,52,Usuários da irrigação expostos,2020,,Presente,/home/alankubrick/Documentos/adaptabrasil_csv/recursos-hidricos/00052_usuarios-da-irrigacao-expostos_2020_presente.csv,5570,ok,
